;#Reference;#Tested;#Deletes;#Inserts;#Shifts;#Matched;IDR;MR;FAR;IDA;iACC0.00025
arctic_a0001;267.0;262.0;14.0;19.0;2.0;248.0;0.8764044943820225;0.07116104868913857;0.052434456928838954;0.0007851358867292902;0.9919354838709677
arctic_a0002;295.0;301.0;20.0;14.0;0.0;281.0;0.8847457627118644;0.04745762711864407;0.06779661016949153;0.0;1.0
arctic_a0003;288.0;291.0;16.0;9.0;1.0;279.0;0.9131944444444444;0.03125;0.05555555555555555;0.00011280933852140298;0.996415770609319
TOTAL;850.0;854.0;50.0;42.0;3.0;808.0;0.8917647058823529;0.04941176470588235;0.058823529411764705;0.0004404678928184516;0.9962871287128713

